# ************************************************************
# Sequel Pro SQL dump
# Version 4096
#
# http://www.sequelpro.com/
# http://code.google.com/p/sequel-pro/
#
# Host: us-cdbr-east-04.cleardb.com (MySQL 5.5.31-log)
# Database: heroku_ecedf6e20683b6e
# Generation Time: 2013-11-15 04:07:22 +0000
# ************************************************************


/*!40101 SET @OLD_CHARACTER_SET_CLIENT=@@CHARACTER_SET_CLIENT */;
/*!40101 SET @OLD_CHARACTER_SET_RESULTS=@@CHARACTER_SET_RESULTS */;
/*!40101 SET @OLD_COLLATION_CONNECTION=@@COLLATION_CONNECTION */;
/*!40101 SET NAMES utf8 */;
/*!40014 SET @OLD_FOREIGN_KEY_CHECKS=@@FOREIGN_KEY_CHECKS, FOREIGN_KEY_CHECKS=0 */;
/*!40101 SET @OLD_SQL_MODE=@@SQL_MODE, SQL_MODE='NO_AUTO_VALUE_ON_ZERO' */;
/*!40111 SET @OLD_SQL_NOTES=@@SQL_NOTES, SQL_NOTES=0 */;


# Dump of table bus_stops
# ------------------------------------------------------------

DROP TABLE IF EXISTS `bus_stops`;

CREATE TABLE `bus_stops` (
  `id` int(11) unsigned NOT NULL AUTO_INCREMENT,
  `code` varchar(10) NOT NULL DEFAULT '',
  `location` varchar(30) DEFAULT NULL,
  `latitude` varchar(30) DEFAULT NULL,
  `longitude` varchar(30) DEFAULT NULL,
  `notes` varchar(160) DEFAULT NULL,
  `created_at` datetime NOT NULL,
  `updated_at` datetime DEFAULT NULL,
  `name` varchar(30) NOT NULL DEFAULT '',
  PRIMARY KEY (`id`),
  UNIQUE KEY `code` (`code`)
) ENGINE=InnoDB DEFAULT CHARSET=utf8;

LOCK TABLES `bus_stops` WRITE;
/*!40000 ALTER TABLE `bus_stops` DISABLE KEYS */;

INSERT INTO `bus_stops` (`id`, `code`, `location`, `latitude`, `longitude`, `notes`, `created_at`, `updated_at`, `name`)
VALUES
	(1,'404649',NULL,NULL,NULL,NULL,'0000-00-00 00:00:00',NULL,'BLACKSTONE EL PASO'),
	(11,'626105',NULL,NULL,NULL,NULL,'0000-00-00 00:00:00',NULL,'HERNDON CEDAR'),
	(21,'591981',NULL,NULL,NULL,NULL,'0000-00-00 00:00:00',NULL,'CEDAR SHAW'),
	(31,'422434',NULL,NULL,NULL,NULL,'0000-00-00 00:00:00',NULL,'CEDAR SHIELDS'),
	(41,'926435',NULL,NULL,NULL,NULL,'0000-00-00 00:00:00',NULL,'CEDAR VENTURA'),
	(51,'282549',NULL,NULL,NULL,NULL,'0000-00-00 00:00:00',NULL,'CEDAR JENSEN'),
	(61,'471334',NULL,NULL,NULL,NULL,'0000-00-00 00:00:00',NULL,'HINTON CENTER'),
	(71,'235698',NULL,NULL,NULL,NULL,'0000-00-00 00:00:00',NULL,'SHELTER B'),
	(81,'334471',NULL,NULL,NULL,NULL,'0000-00-00 00:00:00',NULL,'HINTON CENTER'),
	(91,'549282',NULL,NULL,NULL,NULL,'0000-00-00 00:00:00',NULL,'CEDAR JENSEN'),
	(101,'435926',NULL,NULL,NULL,NULL,'0000-00-00 00:00:00',NULL,'CEDAR VENTURA'),
	(111,'434422',NULL,NULL,NULL,NULL,'0000-00-00 00:00:00',NULL,'CEDAR SHIELDS'),
	(121,'981591',NULL,NULL,NULL,NULL,'0000-00-00 00:00:00',NULL,'CEDAR SHAW'),
	(131,'105626',NULL,NULL,NULL,NULL,'0000-00-00 00:00:00',NULL,'HERNDON CEDAR');

/*!40000 ALTER TABLE `bus_stops` ENABLE KEYS */;
UNLOCK TABLES;


# Dump of table buses
# ------------------------------------------------------------

DROP TABLE IF EXISTS `buses`;

CREATE TABLE `buses` (
  `id` int(11) unsigned NOT NULL AUTO_INCREMENT,
  `number` varchar(3) NOT NULL DEFAULT '',
  `direction` varchar(10) NOT NULL DEFAULT '',
  PRIMARY KEY (`id`)
) ENGINE=InnoDB DEFAULT CHARSET=utf8;

LOCK TABLES `buses` WRITE;
/*!40000 ALTER TABLE `buses` DISABLE KEYS */;

INSERT INTO `buses` (`id`, `number`, `direction`)
VALUES
	(1,'38','south'),
	(11,'38','north');

/*!40000 ALTER TABLE `buses` ENABLE KEYS */;
UNLOCK TABLES;


# Dump of table incomings
# ------------------------------------------------------------

DROP TABLE IF EXISTS `incomings`;

CREATE TABLE `incomings` (
  `id` int(11) NOT NULL AUTO_INCREMENT,
  `message` varchar(640) NOT NULL DEFAULT '' COMMENT 'message body',
  `from_number` varchar(15) NOT NULL DEFAULT '',
  `message_sid` varchar(40) NOT NULL DEFAULT '' COMMENT 'message id with twilio',
  `created_at` timestamp NULL DEFAULT CURRENT_TIMESTAMP,
  `type` varchar(20) DEFAULT NULL,
  PRIMARY KEY (`id`),
  KEY `MessageSid` (`message_sid`)
) ENGINE=InnoDB DEFAULT CHARSET=utf8;

LOCK TABLES `incomings` WRITE;
/*!40000 ALTER TABLE `incomings` DISABLE KEYS */;

INSERT INTO `incomings` (`id`, `message`, `from_number`, `message_sid`, `created_at`, `type`)
VALUES
	(1,'404649','+14846325324','SM0309df1f2b97a8612ca01213da603022','2013-11-15 03:36:00','text'),
	(11,'404649','+14846325324','SMcd7ab880324b35a15e93a19452fefa86','2013-11-15 03:38:12','text'),
	(21,'404649','+14846325324','SMaa74ceb0830f5138770d077a6b9b7e2c','2013-11-15 03:52:42','text'),
	(31,'','','','2013-11-15 03:57:43','voice'),
	(41,'','+14846325324','CAf06d7af838564d6fcb4dc465c9e1b0c6','2013-11-15 03:57:56','voice');

/*!40000 ALTER TABLE `incomings` ENABLE KEYS */;
UNLOCK TABLES;


# Dump of table routes
# ------------------------------------------------------------

DROP TABLE IF EXISTS `routes`;

CREATE TABLE `routes` (
  `id` int(11) unsigned NOT NULL AUTO_INCREMENT,
  `bus_stop_id` int(11) NOT NULL,
  `bus_stop_code` int(11) DEFAULT NULL,
  `sequence` int(5) DEFAULT NULL COMMENT 'sequence will determine order in which all bustops come in a bus route.',
  `bus_id` int(11) NOT NULL,
  PRIMARY KEY (`id`)
) ENGINE=InnoDB DEFAULT CHARSET=utf8;

LOCK TABLES `routes` WRITE;
/*!40000 ALTER TABLE `routes` DISABLE KEYS */;

INSERT INTO `routes` (`id`, `bus_stop_id`, `bus_stop_code`, `sequence`, `bus_id`)
VALUES
	(1,1,404649,1,1),
	(11,11,626105,2,1),
	(21,21,591981,3,1),
	(31,31,422431,4,1),
	(41,41,926435,5,1),
	(51,51,282549,6,1),
	(61,61,471334,7,1),
	(71,71,235698,1,11),
	(81,81,334471,2,11),
	(91,91,549282,3,11),
	(101,101,435926,4,11),
	(111,111,434422,5,11),
	(121,121,981591,6,11),
	(131,131,105626,7,11);

/*!40000 ALTER TABLE `routes` ENABLE KEYS */;
UNLOCK TABLES;


# Dump of table schedules_weekday
# ------------------------------------------------------------

DROP TABLE IF EXISTS `schedules_weekday`;

CREATE TABLE `schedules_weekday` (
  `id` int(11) unsigned NOT NULL AUTO_INCREMENT,
  `time` datetime NOT NULL,
  `route_id` int(11) NOT NULL,
  PRIMARY KEY (`id`)
) ENGINE=InnoDB DEFAULT CHARSET=utf8;

LOCK TABLES `schedules_weekday` WRITE;
/*!40000 ALTER TABLE `schedules_weekday` DISABLE KEYS */;

INSERT INTO `schedules_weekday` (`id`, `time`, `route_id`)
VALUES
	(1,'2000-01-01 05:46:00',1),
	(11,'2000-01-01 06:06:00',1),
	(21,'2000-01-01 06:26:00',1),
	(31,'2000-01-01 06:46:00',1),
	(41,'2000-01-01 07:06:00',1),
	(51,'2000-01-01 07:26:00',1),
	(61,'2000-01-01 07:46:00',1),
	(71,'2000-01-01 08:06:00',1),
	(81,'2000-01-01 08:26:00',1),
	(91,'2000-01-01 08:46:00',1),
	(101,'2000-01-01 09:06:00',1),
	(111,'2000-01-01 09:26:00',1),
	(121,'2000-01-01 09:46:00',1),
	(131,'2000-01-01 10:06:00',1),
	(141,'2000-01-01 10:26:00',1),
	(151,'2000-01-01 10:46:00',1),
	(161,'2000-01-01 11:06:00',1),
	(171,'2000-01-01 11:26:00',1),
	(181,'2000-01-01 11:46:00',1),
	(191,'2000-01-01 12:06:00',1),
	(201,'2000-01-01 12:26:00',1),
	(211,'2000-01-01 12:46:00',1),
	(221,'2000-01-01 13:06:00',1),
	(231,'2000-01-01 13:26:00',1),
	(241,'2000-01-01 13:46:00',1),
	(251,'2000-01-01 14:06:00',1),
	(261,'2000-01-01 14:26:00',1),
	(271,'2000-01-01 14:46:00',1),
	(281,'2000-01-01 15:06:00',1),
	(291,'2000-01-01 15:26:00',1),
	(301,'2000-01-01 15:46:00',1),
	(311,'2000-01-01 16:06:00',1),
	(321,'2000-01-01 16:26:00',1),
	(331,'2000-01-01 16:46:00',1),
	(341,'2000-01-01 17:06:00',1),
	(351,'2000-01-01 17:26:00',1),
	(361,'2000-01-01 17:46:00',1),
	(371,'2000-01-01 18:06:00',1),
	(381,'2000-01-01 18:46:00',1),
	(391,'2000-01-01 19:36:00',1),
	(401,'2000-01-01 20:38:00',1),
	(411,'2000-01-01 05:57:00',11),
	(421,'2000-01-01 06:17:00',11),
	(431,'2000-01-01 06:37:00',11),
	(441,'2000-01-01 06:57:00',11),
	(451,'2000-01-01 07:17:00',11),
	(461,'2000-01-01 07:37:00',11),
	(471,'2000-01-01 07:57:00',11),
	(481,'2000-01-01 08:17:00',11),
	(491,'2000-01-01 08:37:00',11),
	(501,'2000-01-01 08:57:00',11),
	(511,'2000-01-01 09:17:00',11),
	(521,'2000-01-01 09:37:00',11),
	(531,'2000-01-01 09:57:00',11),
	(541,'2000-01-01 10:17:00',11),
	(551,'2000-01-01 10:37:00',11),
	(561,'2000-01-01 10:57:00',11),
	(571,'2000-01-01 11:17:00',11),
	(581,'2000-01-01 11:37:00',11),
	(591,'2000-01-01 11:57:00',11),
	(601,'2000-01-01 12:17:00',11),
	(611,'2000-01-01 12:37:00',11),
	(621,'2000-01-01 12:57:00',11),
	(631,'2000-01-01 13:17:00',11),
	(641,'2000-01-01 13:37:00',11),
	(651,'2000-01-01 13:57:00',11),
	(661,'2000-01-01 14:17:00',11),
	(671,'2000-01-01 14:37:00',11),
	(681,'2000-01-01 14:57:00',11),
	(691,'2000-01-01 15:17:00',11),
	(701,'2000-01-01 15:37:00',11),
	(711,'2000-01-01 15:57:00',11),
	(721,'2000-01-01 16:17:00',11),
	(731,'2000-01-01 16:37:00',11),
	(741,'2000-01-01 16:57:00',11),
	(751,'2000-01-01 17:17:00',11),
	(761,'2000-01-01 17:37:00',11),
	(771,'2000-01-01 17:57:00',11),
	(781,'2000-01-01 18:17:00',11),
	(791,'2000-01-01 18:57:00',11),
	(801,'2000-01-01 19:46:00',11),
	(811,'2000-01-01 20:47:00',11),
	(821,'2000-01-01 06:06:00',21),
	(831,'2000-01-01 06:26:00',21),
	(841,'2000-01-01 06:46:00',21),
	(851,'2000-01-01 07:06:00',21),
	(861,'2000-01-01 07:26:00',21),
	(871,'2000-01-01 07:46:00',21),
	(881,'2000-01-01 08:06:00',21),
	(891,'2000-01-01 08:26:00',21),
	(901,'2000-01-01 08:46:00',21),
	(911,'2000-01-01 09:06:00',21),
	(921,'2000-01-01 09:26:00',21),
	(931,'2000-01-01 09:46:00',21),
	(941,'2000-01-01 10:06:00',21),
	(951,'2000-01-01 10:26:00',21),
	(961,'2000-01-01 10:46:00',21),
	(971,'2000-01-01 11:06:00',21),
	(981,'2000-01-01 11:26:00',21),
	(991,'2000-01-01 11:46:00',21),
	(1001,'2000-01-01 12:06:00',21),
	(1011,'2000-01-01 12:26:00',21),
	(1021,'2000-01-01 12:46:00',21),
	(1031,'2000-01-01 13:06:00',21),
	(1041,'2000-01-01 13:26:00',21),
	(1051,'2000-01-01 13:46:00',21),
	(1061,'2000-01-01 14:06:00',21),
	(1071,'2000-01-01 14:26:00',21),
	(1081,'2000-01-01 14:46:00',21),
	(1091,'2000-01-01 15:06:00',21),
	(1101,'2000-01-01 15:26:00',21),
	(1111,'2000-01-01 15:46:00',21),
	(1121,'2000-01-01 16:06:00',21),
	(1131,'2000-01-01 16:26:00',21),
	(1141,'2000-01-01 16:46:00',21),
	(1151,'2000-01-01 17:06:00',21),
	(1161,'2000-01-01 17:26:00',21),
	(1171,'2000-01-01 17:46:00',21),
	(1181,'2000-01-01 18:06:00',21),
	(1191,'2000-01-01 18:26:00',21),
	(1201,'2000-01-01 19:06:00',21),
	(1211,'2000-01-01 19:54:00',21),
	(1221,'2000-01-01 20:53:00',21),
	(1231,'2000-01-01 06:15:00',31),
	(1241,'2000-01-01 06:35:00',31),
	(1251,'2000-01-01 06:55:00',31),
	(1261,'2000-01-01 07:15:00',31),
	(1271,'2000-01-01 07:35:00',31),
	(1281,'2000-01-01 07:55:00',31),
	(1291,'2000-01-01 08:15:00',31),
	(1301,'2000-01-01 08:35:00',31),
	(1311,'2000-01-01 08:55:00',31),
	(1321,'2000-01-01 09:15:00',31),
	(1331,'2000-01-01 09:35:00',31),
	(1341,'2000-01-01 09:55:00',31),
	(1351,'2000-01-01 10:15:00',31),
	(1361,'2000-01-01 10:35:00',31),
	(1371,'2000-01-01 10:55:00',31),
	(1381,'2000-01-01 11:15:00',31),
	(1391,'2000-01-01 11:35:00',31),
	(1401,'2000-01-01 11:55:00',31),
	(1411,'2000-01-01 12:15:00',31),
	(1421,'2000-01-01 12:35:00',31),
	(1431,'2000-01-01 12:55:00',31),
	(1441,'2000-01-01 13:15:00',31),
	(1451,'2000-01-01 13:35:00',31),
	(1461,'2000-01-01 13:55:00',31),
	(1471,'2000-01-01 14:15:00',31),
	(1481,'2000-01-01 14:35:00',31),
	(1491,'2000-01-01 14:55:00',31),
	(1501,'2000-01-01 15:15:00',31),
	(1511,'2000-01-01 15:35:00',31),
	(1521,'2000-01-01 15:55:00',31),
	(1531,'2000-01-01 16:15:00',31),
	(1541,'2000-01-01 16:35:00',31),
	(1551,'2000-01-01 16:55:00',31),
	(1561,'2000-01-01 17:15:00',31),
	(1571,'2000-01-01 17:35:00',31),
	(1581,'2000-01-01 17:55:00',31),
	(1591,'2000-01-01 18:15:00',31),
	(1601,'2000-01-01 18:35:00',31),
	(1611,'2000-01-01 19:15:00',31),
	(1621,'2000-01-01 20:01:00',31),
	(1631,'2000-01-01 21:00:00',31),
	(1641,'2000-01-01 06:30:00',41),
	(1651,'2000-01-01 06:50:00',41),
	(1661,'2000-01-01 07:10:00',41),
	(1671,'2000-01-01 07:30:00',41),
	(1681,'2000-01-01 07:50:00',41),
	(1691,'2000-01-01 08:10:00',41),
	(1701,'2000-01-01 08:30:00',41),
	(1711,'2000-01-01 08:50:00',41),
	(1721,'2000-01-01 09:10:00',41),
	(1731,'2000-01-01 09:30:00',41),
	(1741,'2000-01-01 09:50:00',41),
	(1751,'2000-01-01 10:10:00',41),
	(1761,'2000-01-01 10:30:00',41),
	(1771,'2000-01-01 10:50:00',41),
	(1781,'2000-01-01 11:10:00',41),
	(1791,'2000-01-01 11:30:00',41),
	(1801,'2000-01-01 11:50:00',41),
	(1811,'2000-01-01 12:10:00',41),
	(1821,'2000-01-01 12:30:00',41),
	(1831,'2000-01-01 12:50:00',41),
	(1841,'2000-01-01 13:10:00',41),
	(1851,'2000-01-01 13:30:00',41),
	(1861,'2000-01-01 13:50:00',41),
	(1871,'2000-01-01 14:10:00',41),
	(1881,'2000-01-01 14:30:00',41),
	(1891,'2000-01-01 14:50:00',41),
	(1901,'2000-01-01 15:10:00',41),
	(1911,'2000-01-01 15:30:00',41),
	(1921,'2000-01-01 15:50:00',41),
	(1931,'2000-01-01 16:10:00',41),
	(1941,'2000-01-01 16:30:00',41),
	(1951,'2000-01-01 16:50:00',41),
	(1961,'2000-01-01 17:10:00',41),
	(1971,'2000-01-01 17:30:00',41),
	(1981,'2000-01-01 17:50:00',41),
	(1991,'2000-01-01 18:10:00',41),
	(2001,'2000-01-01 18:30:00',41),
	(2011,'2000-01-01 18:50:00',41),
	(2021,'2000-01-01 19:30:00',41),
	(2031,'2000-01-01 20:13:00',41),
	(2041,'2000-01-01 21:10:00',41),
	(2051,'2000-01-01 06:38:00',51),
	(2061,'2000-01-01 06:58:00',51),
	(2071,'2000-01-01 07:18:00',51),
	(2081,'2000-01-01 07:38:00',51),
	(2091,'2000-01-01 07:58:00',51),
	(2101,'2000-01-01 08:18:00',51),
	(2111,'2000-01-01 08:38:00',51),
	(2121,'2000-01-01 08:58:00',51),
	(2131,'2000-01-01 09:18:00',51),
	(2141,'2000-01-01 09:38:00',51),
	(2151,'2000-01-01 09:58:00',51),
	(2161,'2000-01-01 10:18:00',51),
	(2171,'2000-01-01 10:38:00',51),
	(2181,'2000-01-01 10:58:00',51),
	(2191,'2000-01-01 11:18:00',51),
	(2201,'2000-01-01 11:38:00',51),
	(2211,'2000-01-01 11:58:00',51),
	(2221,'2000-01-01 12:18:00',51),
	(2231,'2000-01-01 12:38:00',51),
	(2241,'2000-01-01 12:58:00',51),
	(2251,'2000-01-01 13:18:00',51),
	(2261,'2000-01-01 13:38:00',51),
	(2271,'2000-01-01 13:58:00',51),
	(2281,'2000-01-01 14:18:00',51),
	(2291,'2000-01-01 14:38:00',51),
	(2301,'2000-01-01 14:58:00',51),
	(2311,'2000-01-01 15:18:00',51),
	(2321,'2000-01-01 15:38:00',51),
	(2331,'2000-01-01 15:58:00',51),
	(2341,'2000-01-01 16:18:00',51),
	(2351,'2000-01-01 16:38:00',51),
	(2361,'2000-01-01 16:58:00',51),
	(2371,'2000-01-01 17:18:00',51),
	(2381,'2000-01-01 17:38:00',51),
	(2391,'2000-01-01 17:58:00',51),
	(2401,'2000-01-01 18:18:00',51),
	(2411,'2000-01-01 18:38:00',51),
	(2421,'2000-01-01 18:58:00',51),
	(2431,'2000-01-01 19:38:00',51),
	(2441,'2000-01-01 20:19:00',51),
	(2451,'2000-01-01 21:15:00',51),
	(2461,'2000-01-01 06:53:00',61),
	(2471,'2000-01-01 07:13:00',61),
	(2481,'2000-01-01 07:33:00',61),
	(2491,'2000-01-01 07:53:00',61),
	(2501,'2000-01-01 08:13:00',61),
	(2511,'2000-01-01 08:33:00',61),
	(2521,'2000-01-01 08:53:00',61),
	(2531,'2000-01-01 09:13:00',61),
	(2541,'2000-01-01 09:33:00',61),
	(2551,'2000-01-01 09:53:00',61),
	(2561,'2000-01-01 10:13:00',61),
	(2571,'2000-01-01 10:33:00',61),
	(2581,'2000-01-01 10:53:00',61),
	(2591,'2000-01-01 11:13:00',61),
	(2601,'2000-01-01 11:33:00',61),
	(2611,'2000-01-01 11:53:00',61),
	(2621,'2000-01-01 12:13:00',61),
	(2631,'2000-01-01 12:33:00',61),
	(2641,'2000-01-01 12:53:00',61),
	(2651,'2000-01-01 13:13:00',61),
	(2661,'2000-01-01 13:33:00',61),
	(2671,'2000-01-01 13:53:00',61),
	(2681,'2000-01-01 14:13:00',61),
	(2691,'2000-01-01 14:33:00',61),
	(2701,'2000-01-01 14:53:00',61),
	(2711,'2000-01-01 15:13:00',61),
	(2721,'2000-01-01 15:33:00',61),
	(2731,'2000-01-01 15:53:00',61),
	(2741,'2000-01-01 16:13:00',61),
	(2751,'2000-01-01 16:33:00',61),
	(2761,'2000-01-01 16:53:00',61),
	(2771,'2000-01-01 17:13:00',61),
	(2781,'2000-01-01 17:33:00',61),
	(2791,'2000-01-01 17:53:00',61),
	(2801,'2000-01-01 18:13:00',61),
	(2811,'2000-01-01 18:33:00',61),
	(2821,'2000-01-01 18:53:00',61),
	(2831,'2000-01-01 19:13:00',61),
	(2841,'2000-01-01 19:53:00',61),
	(2851,'2000-01-01 20:13:00',61),
	(2861,'2000-01-01 21:10:00',61);

/*!40000 ALTER TABLE `schedules_weekday` ENABLE KEYS */;
UNLOCK TABLES;


# Dump of table schedules_weekend
# ------------------------------------------------------------

DROP TABLE IF EXISTS `schedules_weekend`;

CREATE TABLE `schedules_weekend` (
  `id` int(11) unsigned NOT NULL AUTO_INCREMENT,
  `route_id` int(11) NOT NULL,
  `time` datetime NOT NULL,
  PRIMARY KEY (`id`)
) ENGINE=InnoDB DEFAULT CHARSET=utf8;




/*!40111 SET SQL_NOTES=@OLD_SQL_NOTES */;
/*!40101 SET SQL_MODE=@OLD_SQL_MODE */;
/*!40014 SET FOREIGN_KEY_CHECKS=@OLD_FOREIGN_KEY_CHECKS */;
/*!40101 SET CHARACTER_SET_CLIENT=@OLD_CHARACTER_SET_CLIENT */;
/*!40101 SET CHARACTER_SET_RESULTS=@OLD_CHARACTER_SET_RESULTS */;
/*!40101 SET COLLATION_CONNECTION=@OLD_COLLATION_CONNECTION */;
